{"cameraMode":{"drawMode":0,"name":"Shaded","section":"Shading Mode"},"sceneLighting":false,"audioPlay":false,"sceneViewState":{"showFog":true,"showMaterialUpdate":false,"showSkybox":false,"showFlares":true,"showImageEffects":true,"showParticleSystems":true},"in2DMode":false,"pivot":{"x":8.59939956665039,"y":1.6199772357940674,"z":0.22215916216373444},"rotation":{"x":-0.04362865537405014,"y":-0.0870780423283577,"z":0.0038269520737230779,"w":-0.9952497482299805},"size":2.8578836917877199,"orthographic":false}