{"cameraMode":{"drawMode":0,"name":"Shaded","section":"Shading Mode"},"sceneLighting":true,"audioPlay":false,"sceneViewState":{"showFog":true,"showMaterialUpdate":false,"showSkybox":true,"showFlares":true,"showImageEffects":true,"showParticleSystems":true},"in2DMode":false,"pivot":{"x":8.59939956665039,"y":1.6199772357940674,"z":0.22215917706489564},"rotation":{"x":-0.022935960441827775,"y":-0.9639225006103516,"z":0.25004658102989199,"w":-0.08847316354513169},"size":7.237317085266113,"orthographic":false}