{"cameraMode":{"drawMode":0,"name":"Shaded","section":"Shading Mode"},"sceneLighting":false,"audioPlay":false,"sceneViewState":{"showFog":true,"showMaterialUpdate":false,"showSkybox":true,"showFlares":true,"showImageEffects":true,"showParticleSystems":true},"in2DMode":false,"pivot":{"x":-0.0006107091903686523,"y":1.6199772357940674,"z":0.22215917706489564},"rotation":{"x":-0.0069612967781722549,"y":-0.9918596744537354,"z":0.11086185276508331,"w":-0.06227982044219971},"size":7.280929088592529,"orthographic":false}