{"cameraMode":{"drawMode":0,"name":"Shaded","section":"Shading Mode"},"sceneLighting":true,"audioPlay":false,"sceneViewState":{"showFog":true,"showMaterialUpdate":false,"showSkybox":true,"showFlares":true,"showImageEffects":true,"showParticleSystems":true},"in2DMode":false,"pivot":{"x":-0.001994315069168806,"y":2.7805168628692629,"z":0.03412233293056488},"rotation":{"x":-0.018856018781661989,"y":-0.7427430748939514,"z":0.020978230983018876,"w":-0.6690178513526917},"size":1.2304787635803223,"orthographic":false}