{"cameraMode":{"drawMode":0,"name":"Shaded","section":"Shading Mode"},"sceneLighting":false,"audioPlay":false,"sceneViewState":{"showFog":true,"showMaterialUpdate":false,"showSkybox":true,"showFlares":true,"showImageEffects":true,"showParticleSystems":true},"in2DMode":false,"pivot":{"x":-0.5570176243782044,"y":1.1725001335144044,"z":-0.053506605327129367},"rotation":{"x":-0.031106427311897279,"y":0.5770443081855774,"z":-0.022000860422849656,"w":-0.8158321976661682},"size":22.0,"orthographic":false}